"Chi2","df","p"
589.019842896533,45,6.87581336386452e-96
