"Model","RMSEA","TLI","BIC"
"EFA_1f",0.250313855310953,0.471727363845636,95.3133693883919
"EFA_2f",0.160111341285194,0.781712241473003,-26.4139385748867
