"Variable","VIF"
"SACS_Centering",1.09625747266399
"SACS_Transcending",1.11139057418053
"Age_clean",1.02299916723724
"Gender_label",1.02397563570854
