"Item","Centering","Transcending"
"SACS_1",0.752195987610714,0
"SACS_2",0.828277405320991,0
"SACS_5",0.680086815665604,0
"SACS_6",0.724086688947275,0
"SACS_3",0,0.671679377011789
"SACS_4",0,0.808790482487801
"SACS_7",0,0.806161852077541
"SACS_8",0,0.903655148754682
"SACS_9",0,0.584502107428812
"SACS_10",0,0.704897013512064
